season_num,title,subtitle,episode_count,date_start,date_end,url
1,Star Wars: The Clone Wars,,22,3 Oct 2008,30 Mar 2009,https://starwars.fandom.com/wiki/The_Clone_Wars:_Season_One
2,Star Wars: The Clone Wars,Rise of the Bounty Hunters,22,2 Oct 2009,30 Apr 2010,https://starwars.fandom.com/wiki/The_Clone_Wars:_Season_Two
3,Star Wars: The Clone Wars,Secrets Revealed,22,17 Sep 2010,1 Apr 2011,https://starwars.fandom.com/wiki/The_Clone_Wars:_Season_Three
4,Star Wars: The Clone Wars,Battle Lines,22,16 Sep 2011,16 Mar 2012,https://starwars.fandom.com/wiki/The_Clone_Wars:_Season_Four
5,Star Wars: The Clone Wars,,20,29 Sep 2012,2 Mar 2013,https://starwars.fandom.com/wiki/The_Clone_Wars:_Season_Five
6,Star Wars: The Clone Wars,The Lost Missions,13,7 Mar 2014,,https://starwars.fandom.com/wiki/The_Clone_Wars:_The_Lost_Missions
7,Star Wars: The Clone Wars,The Final Season,12,21 Feb 2020,4 May 20,https://starwars.fandom.com/wiki/The_Clone_Wars:_Season_Seven
